id,title,slug,body,summary,author_id,status,is_premium,security_score,published_at,created_at,subtitle,meta_title,focus_keyword,word_count,estimated_reading_time_minutes,view_count
17dde129-92b7-46a2-935e-5890a39239be,WEF Global Cybersecurity Outlook 2026: The AI Arms Race and Geopolitical Fragmentation,global-cybersecurity-outlook-2026-wef-report,"## A World at a Digital Crossroads

The World Economic Forum (WEF), in collaboration with Accenture, has released the **Global Cybersecurity Outlook 2026**, a definitive roadmap for the forces set to shape the digital landscape this year. The report reveals a stark reality: we are no longer in an era of manageable risk, but in a ""metamorphic"" landscape where disruptions move across borders at the speed of light. 



At the heart of the report is a dual-edged sword: **Artificial Intelligence**. While 77% of organizations have successfully adopted AI to enhance phishing detection and automate log analysis, the adversarial side is moving faster. According to the WEF survey, a staggering **94% of global leaders** now identify AI as the most significant driver of change in cybersecurity for 2026.

---

### The Sovereignty Dilemma and Geopolitical Fractures
Geopolitics has officially become a ""defining feature"" of cybersecurity. In 2026, **64% of organizations** have restructured their risk mitigation strategies to account for geopolitically motivated attacks. The report highlights the ""Sovereignty Dilemma""—the tension between globalized tech supply chains and the need for national security control. 

This fragmentation is most evident in the erosion of confidence in national preparedness. **31% of leaders** now report low confidence in their nation’s ability to respond to a major systemic cyber incident, a figure that rises to nearly 90% in regions like Latin America and the Caribbean. Conversely, the Middle East and North Africa show high confidence (84%), reflecting massive recent investments in state-led cyber defense.

### The Shift from Ransomware to AI-Enabled Fraud
Perhaps the most surprising finding in the 2026 Outlook is the shift in executive concern. While CISOs remain focused on the operational disruption of ransomware, **CEOs now rank cyber-enabled fraud as their top concern.** This includes deepfake-facilitated Business Email Compromise (BEC) and synthetic identity fraud. 

As the boundaries between digital and physical worlds blur—evidenced by recent attacks on hydroelectric facilities and airports—the report calls for ""Shared Responsibility."" No single entity can defend against a state-sponsored, AI-driven campaign. The future of 2026 depends on whether the private and public sectors can move past the ""compliance checkbox"" and into a state of continuous, collaborative resilience.","A comprehensive analysis of the WEF Global Cybersecurity Outlook 2026, focusing on AI adoption, geopolitical fragmentation, and the rise of cyber-enabled fraud.",f5e7a846-8d3b-4824-9b5d-109f98765432,published,false,,2026-01-12 00:00:00+00,2026-01-15 15:06:27.030035+00,,,,845,,0
19968155-b79c-49e3-a8fd-ab6386dac371,Instagram Data Leak: 17.5M Accounts Compromised in Phishing Wave,instagram-data-leak-2026-phishing-analysis,"## Social Media Under Siege

Meta has confirmed a massive security lapse in the **Instagram Graph API**, leading to the exposure of **17.5 million accounts**. The leak has triggered a global wave of mass phishing attacks, as threat actors leverage the stolen data to craft highly personalized ""password reset"" lures. This is not just a breach of privacy; it is a breakdown in the trust-based architecture of modern social media.

### The Mechanism of the Leak
The breach originated from an ""Insecure Direct Object Reference"" (IDOR) flaw in a legacy API endpoint intended for business advertisers. By exploiting this, attackers were able to scrape private email addresses and phone numbers associated with accounts that were otherwise set to ""Private."" 

### The Phishing Tsunami
Within hours of the leak, users began reporting sophisticated **SMS-based phishing (Smishing)**. These messages claim that ""unauthorized login attempts"" were detected and provide a link to a cloned Instagram login page. Because the attackers have the user’s real email and phone number, the messages appear highly credible. Many users, fearing for their account security, have inadvertently handed over their two-factor authentication (2FA) codes to the attackers.

### Strategic Defense for Users
Meta is currently rolling out a forced password reset for high-risk accounts. However, the 2026 cybersecurity consensus is clear: **Traditional SMS 2FA is no longer sufficient.** Users are encouraged to switch to hardware-based security keys or authenticator apps that utilize **FIDO2 standards**, which are resistant to the relay-style phishing seen in this Instagram leak.",Analysis of the 17.5M account Instagram leak and the subsequent AI-powered phishing campaign targeting social media users.,f5e7a846-8d3b-4824-9b5d-109f98765432,published,false,,2026-01-15 00:00:00+00,2026-01-15 14:53:53.437417+00,,,,810,,0
3ebb1b34-72e6-404f-8bdb-e2d975cc6ec5,Red Hat Consulting Breach: 570GB Stolen from GitLab Instances,red-hat-gitlab-breach-crimson-collective-report,"## The Consulting Blind Spot Exposed

In a major blow to enterprise open-source trust, **Red Hat** has confirmed a significant security breach involving its consulting GitLab instance. The attack, claimed by the **Crimson Collective**, resulted in the exfiltration of **570GB of compressed data** spanning over 28,000 repositories. While Red Hat initially moved to clarify that its core software supply chain (and GitHub) remained intact, the implications for its global client base are profound.

### Data Exfiltration: 800+ Organizations Impacted
The stolen data includes highly sensitive **Customer Engagement Reports (CERs)**. These documents are essentially the ""blueprints"" for the internal architecture of approximately 800 major organizations. Names appearing in the directory listings include giants like **Bank of America, JPMorgan Chase, and Verizon**, as well as sensitive government entities like the **NSA and U.S. Navy**. 

These CERs contain:
* Network topologies and infrastructure configurations.
* Hardcoded API keys and authentication tokens.
* VPN settings and database connection strings used during consulting engagements.

### Why Consulting Repositories are High-Value Targets
This breach highlights a growing trend in 2026: **Consulting firms as credential aggregation points**. When a consultant works across multiple high-security environments, their local development environment or shared collaboration tool (like GitLab) becomes a single point of failure. The Crimson Collective bypassed traditional perimeter defenses by targeting these ""side-car"" services, finding a treasure trove of secrets that allow for lateral movement into downstream customer networks.

### Crimson Collective: A Rapidly Escalating Threat
The Crimson Collective emerged in late 2025 with high-profile defacements of Nintendo and Claro Colombia. Their transition to attacking Red Hat marks a shift from ""promotional"" hacking to high-stakes extortion. The group claims they attempted to contact Red Hat via official channels, but upon receiving only a generic response, they proceeded to leak directory structures on Telegram to force a negotiation.

### Remediation for Red Hat Clients
Organizations that have engaged with Red Hat Consulting in the last 24 months must treat all shared secrets as compromised. This includes:
1. **Rotating all API keys and service account passwords** shared with external consultants.
2. **Reviewing network diagrams** stored in external collaboration tools.
3. **Implementing ""Dependency Cooldowns""** and lock-file enforcement in CI/CD pipelines to ensure no malicious code is injected into the development lifecycle.","A technical analysis of the Red Hat GitLab breach by Crimson Collective, affecting 800+ organizations and 28,000 repositories.",f5e7a846-8d3b-4824-9b5d-109f98765432,published,true,,2026-01-14 00:00:00+00,2026-01-15 14:55:17.212514+00,,,,835,,0
4f06e103-495c-42d8-ba8e-f64448cc3049,Red Hat GitHub Attack: Supply Chain Breach via Compromised Consulting Repos,red-hat-github-attack-supply-chain-integrity-2026,"## The Consulting Pipeline Vulnerability

In mid-January 2026, the cybersecurity world was rocked by news of a sophisticated supply chain attack targeting **Red Hat’s** consulting infrastructure. While Red Hat’s core product repositories (RHEL, OpenShift) were not directly compromised, threat actors successfully breached a peripheral **GitLab/GitHub instance** used primarily for client engagements and custom solution delivery. 



The breach, attributed to the **Crimson Collective**, resulted in the unauthorized access of over **570GB of data**. This included proprietary scripts, automation playbooks, and—most alarmingly—hardcoded credentials used in client-facing ""Proof of Concept"" (PoC) environments.

---

### Anatomy of the Attack: The ""Shadow Git"" Problem
The attack originated not through a zero-day exploit, but through a **Personal Access Token (PAT)** leak. A Red Hat consultant, working on a high-stakes automation project for a major financial institution, accidentally committed an active PAT to a public-facing repository for less than ten minutes.

In 2026, ten minutes is a lifetime. Automated scraping bots operated by the Crimson Collective identified the token within seconds. Once the attackers had the PAT, they bypassed standard MFA by utilizing a **session hijacking technique** that targeted the consultant’s browser cookies. From there, they gained ""Owner"" level access to the consulting GitLab organization, allowing them to clone thousands of repositories silently over a 48-hour period.

### The Downstream Risk: 800+ Organizations Impacted
The real danger of this breach is not the loss of Red Hat’s code, but the exposure of its customers. The exfiltrated repositories contained ""Customer Engagement Reports"" (CERs) for approximately **800 organizations**. These CERs are essentially a map of a company’s internal defenses, often detailing:
* **Internal IP schemes** and network segmentation maps.
* **Service account credentials** for cloud environments (AWS, Azure, and GCP).
* **Patching schedules** and known technical debt that had yet to be addressed.

For the impacted organizations, this is a ""pre-breach"" event. The attackers now have the blueprints to their house and the keys to the side door.

---

### Red Hat’s Response and Code Integrity Checks
Red Hat acted swiftly, revoking all consulting-related tokens and initiating a global ""Secret Rotation"" mandate. However, the damage to the ""Software Supply Chain"" trust model is significant. Red Hat is now urging all clients to perform a **""Full Code Integrity Audit.""**

The company has released an open-source tool, **RH-Integrity-Scanner 2026**, which allows users to verify that their local automation scripts match the ""official"" consulting templates provided prior to the breach. The goal is to detect ""Malicious Logic Injection,"" where attackers might have subtly altered a deployment script to include a backdoor for future use.

### Lessons for the 2026 DevOps Landscape
The Red Hat incident highlights a critical shift in how we must approach development security:
1.  **Secret Management is Non-Negotiable:** Moving secrets out of code and into dedicated vaults (like HashiCorp or AWS Secrets Manager) is no longer a ""best practice""—it is a survival requirement.
2.  **Ephemeral Access Tokens:** Tokens should have a maximum lifespan of 1 hour and be tied to specific IP ranges to prevent the kind of session hijacking seen in this attack.
3.  **The ""Blast Radius"" of Consulting:** Organizations must realize that when they hire a consultant, they are inheriting the consultant’s security posture. Zero-trust principles must be applied to the accounts used by external partners, treating them with the same (or higher) level of scrutiny as an untrusted network.","A technical report on the Red Hat consulting repo breach, focusing on the Crimson Collective and the risks of supply chain code integrity.",f5e7a846-8d3b-4824-9b5d-109f98765432,published,true,,2026-01-14 00:00:00+00,2026-01-15 15:11:38.137007+00,,,,835,,0
773f8c90-105c-4fe5-8b3c-ac15081c02a4,Deepfakes-as-a-Service: The 2026 Democratization of Cybercrime,emerging-ai-threats-2026-deepfakes-as-a-service,"## The Erosion of Truth

As we progress through 2026, the most alarming trend in digital security isn't a new virus, but the total democratization of deception. **Deepfakes-as-a-Service (DaaS)** has emerged as a thriving underground industry, lowering the barrier to entry for cybercrime so significantly that technical skill is no longer a prerequisite for high-stakes fraud.

In late 2025, we saw the first ""turnkey"" deepfake suites appearing on dark web forums like *XSS* and *Exploit*. For as little as **$50 USD**, an attacker can now rent a cloud-based AI engine that generates high-fidelity voice clones and real-time video overlays. These aren't the ""uncanny valley"" fakes of 2023; these are AI-driven personas that can pass most standard liveness checks and biometric filters.

---

### The New Attack Vector: Live Video Injection
The ""Holy Grail"" for 2026 cybercriminals is **Live Video Injection**. Attackers no longer rely on pre-recorded clips. Instead, they use ""virtual camera"" drivers to inject a real-time, AI-altered face onto a live Zoom or Microsoft Teams call. 

We have documented cases where a ""CEO"" joins a frantic Friday afternoon meeting, speaks with perfect cadence and emotion, and convinces a finance officer to authorize an emergency ""acquisition payment."" The victim isn't just seeing a face; they are hearing a voice clone trained on the CEO's public earnings calls and podcast appearances.



### Bypassing KYC: Synthetic Identity Theft
The impact on the financial sector is particularly severe. **Know Your Customer (KYC)** protocols, which rely on a user holding up their ID to a camera, are being systematically dismantled by ""Deepfake Presenters."" These are hired actors—often from low-income regions—who use AI overlays to match the stolen identity document they are holding. 

According to a 2026 report from *Group-IB*, damages from deepfake-facilitated KYC bypass reached **$350 million** in the first half of the year alone. This has forced banks to return to ""Physical Verification"" or specialized ""Multi-Spectral Liveness"" hardware, effectively reversing a decade of digital transformation.

### Defending the Human Element
As AI handles the ""heavy lifting"" of the attack, cybersecurity must pivot back to the human element.
* **Neural Watermarking:** Tech giants are pushing for C2PA-style watermarking on all AI-generated content, but this is a reactive measure.
* **Secondary Verification:** In 2026, any request for money or data over video *must* be verified through a secondary, out-of-band channel (such as an encrypted physical token or a pre-shared ""safe word"").
* **AI vs. AI Defense:** Specialized ""Deepfake Detectors"" that look for microscopic ""temporal jitters"" or irregular blood-flow patterns in the skin (photoplethysmography) are becoming standard in the Enterprise SOC.

### Conclusion
The era of ""seeing is believing"" is officially over. In 2026, digital identity is no longer a constant; it is a variable that can be recalculated by an algorithm in milliseconds. Organizations that fail to adapt their trust models to account for DaaS will find themselves defenseless against a new breed of automated, hyper-personalized warfare.",An investigation into the rise of Deepfakes-as-a-Service in 2026 and how it enables low-skill actors to perform high-stakes fraud.,f5e7a846-8d3b-4824-9b5d-109f98765432,published,true,,2026-01-13 00:00:00+00,2026-01-15 15:03:03.237845+00,,,,834,,0
77777777-7777-7777-7777-777777777777,Quantum Motion Silicon: The Breakthrough Scaling Quantum to Millions of Qubits,quantum-motion-silicon-breakthrough-2026,"Quantum computing has long been the ""ten years away"" technology, but as of January 2026, the timeline has officially collapsed... [Full Article Text Provided Above] ...","The ""Silicon Moment"" for Quantum. How Quantum Motion is scaling to millions of qubits using standard 300mm CMOS.",d7e8a957-0e4c-4935-1c6e-310f09876543,published,false,4,2026-01-26 19:04:18.161452+00,2026-01-26 17:17:32.406185+00,Moving Beyond the Golden Chandelier: Quantum in the Data Center,Quantum Motion: Scaling Silicon Quantum to Millions of Qubits,Quantum Motion silicon quantum computing full-stack system,815,,0
7fdad2d2-5533-4b3d-98e9-1b70b09631ec,Asus Supplier Breach: Firmware Backdoors and the Ring -2 Threat,asus-supplier-breach-firmware-backdoor-analysis-2026,"## The Foundation of Trust Compromised

In a startling disclosure in early 2026, **ASUS** confirmed that one of its critical upstream firmware suppliers was successfully breached by a sophisticated threat actor. This is not a simple data leak; it is a **Supply Chain Integrity** failure at the most fundamental level of computing. The attackers gained access to the environment where BIOS and UEFI firmware is signed and compiled, allowing them to inject malicious code into the ""Golden Images"" for several popular motherboard lines and Zenbook laptops.



### The Danger of Ring -2 Exploitation
The injected code operates at what security researchers call **Ring -2 (System Management Mode or SMM)**. To understand the severity, consider that your standard apps run at Ring 3, and your operating system kernel (Windows or Linux) runs at Ring 0. 

Because SMM (Ring -2) is more privileged than the operating system itself, malware residing here is:
1. **Invisible to Antivirus:** Standard security software cannot scan the SMM memory space.
2. **Persistent Across Reinstalls:** Even if you wipe your SSD and reinstall Windows, the malware remains in the motherboard’s SPI flash chip.
3. **Hardware-Level Control:** The malware can intercept keyboard inputs (keylogging) and network traffic before the operating system even sees it.

---

### Anatomy of the Breach: The Digital Certificate Theft
The attackers did not just write bad code; they stole the **Digital Signing Certificates** from the supplier. In the modern boot process, a motherboard will only execute firmware if it has a valid digital signature from a trusted manufacturer. By stealing these certificates, the attackers were able to sign their malicious firmware updates, making them appear 100% authentic to the hardware’s **Secure Boot** mechanisms.

The breach has been attributed to a group known as **MSTIC-MIRAGE**, a state-sponsored collective specializing in persistent hardware espionage. Analysis of the malicious payload suggests that it was designed to stay ""dormant"" on 99% of machines, only activating its secondary payload (an encrypted data exfiltrator) when it detects specific high-value targets, such as workstations belonging to government contractors or infrastructure engineers.

### Impacted Devices and Identification
ASUS has released a list of affected motherboard chipsets, primarily focusing on those manufactured between late 2024 and mid-2025. While the company has released a ""Clean BIOS"" update, the process of flashing a BIOS is far more complex and risky for the average consumer than a standard Windows Update.



### Mitigation: The 2026 Hardware Recovery Standard
For IT departments managing fleets of ASUS devices, the remediation steps are intensive:
* **Manual BIOS Reflash:** Systems must be flashed using an ""Out-of-Band"" method (such as BIOS Flashback) rather than through Windows-based utilities, as the resident malware can intercept and block the update process.
* **TPM Re-Initialization:** Because the Trusted Platform Module (TPM) relies on the integrity of the BIOS, all BitLocker keys and secure credentials must be reset after the firmware is cleaned.
* **Verification via Hardware Root of Trust:** 2026 is seeing a push toward ""Open BIOS"" initiatives like **Coreboot**, which allow for transparent auditing of the code that runs before the OS.

### Conclusion: The Future of Trust
The ASUS supplier breach proves that the software security of 2026 is only as strong as the hardware it sits on. As we move further into a world of AI-driven threats, the ""Hardware Root of Trust"" will become the most contested battleground in cybersecurity. Organizations must move toward a model where hardware is verified at every boot, or risk building their digital empires on a foundation of sand.","A technical breakdown of the ASUS firmware supplier breach, explaining Ring -2 threats, UEFI backdoors, and hardware-level mitigation.",f5e7a846-8d3b-4824-9b5d-109f98765432,published,true,,2026-01-15 00:00:00+00,2026-01-15 15:12:27.954694+00,,,,815,,0
83158d21-de3a-4a23-827d-2a7eff3a1143,ASUS Supplier Breach: The Looming Threat of Hardware Backdoors,asus-supplier-firmware-breach-hardware-backdoor,"## The Compromised Foundation

The hardware supply chain has reached a crisis point in 2026. **ASUS** has issued an urgent security advisory following a confirmed breach at one of its primary **firmware suppliers**. This incident isn't a typical software bug; it is a potential **hardware backdoor** vulnerability that affects the BIOS and UEFI layers of several motherboard lines and commercial laptops.

### The Mechanism of a Supply Chain Hardware Attack
In this breach, attackers gained unauthorized access to the supplier’s code-signing infrastructure. This allowed them to inject malicious routines into the ""Golden Images"" of firmware before they were ever shipped to ASUS for integration. Because the code is signed with a valid digital certificate, traditional Secure Boot mechanisms and antivirus software recognize it as ""trusted.""



These backdoors operate at **Ring -2 (System Management Mode)**, an area of the CPU that is essentially invisible to the operating system. An attacker with this level of access can:
* Persist across OS re-installs and hard drive wipes.
* Intercept data before it is encrypted by the OS.
* Disable hardware-level security features like TPM (Trusted Platform Module).

### MSTIC-MIRAGE: The Attribution
Security researchers at Microsoft’s Threat Intelligence Center (MSTIC) have tracked this activity under the moniker **MIRAGE**. The sophistication of the firmware injection suggests a state-sponsored actor focused on long-term espionage rather than immediate financial gain. By nesting the backdoor within the hardware initialization phase, the attackers can selectively activate ""sleepers"" in specific high-value targets while leaving the general consumer base untouched.

### Industry Response: Moving Toward Transparency
In response to this breach, ASUS is collaborating with the **Open Compute Project** to advocate for ""Transparency Logs"" in hardware manufacturing. This would allow end-users to verify the integrity of their hardware components against a public, immutable ledger. 

### What Should IT Managers Do?
1. **Immediate BIOS Verification:** Use the official ASUS Security Advisory tool to check if your hardware serial numbers fall within the affected supplier batches.
2. **Firmware Reflash:** Even if no anomalies are detected, a clean reflash from an authenticated, out-of-band source is recommended.
3. **Monitor Out-of-Band Traffic:** Watch for unusual network traffic originating from the management controller (BMC) or during the boot sequence, as these are common exit points for hardware-level malware.",An investigation into the ASUS firmware supplier breach and the rising risks of hardware-level backdoors in 2026.,f5e7a846-8d3b-4824-9b5d-109f98765432,published,true,,2026-01-15 00:00:00+00,2026-01-15 14:55:17.212514+00,,,,815,,0
8700098b-33ed-4d29-8d74-5116428756a0,ManageMyHealth Hack: 126K Patient Records Held for Ransom in NZ,managemyhealth-medical-breach-nz-2026,"## The New Year’s Eve Breach

While most of New Zealand was celebrating the arrival of 2026, a sophisticated cyberattack was unfolding against **ManageMyHealth**, the country’s largest private patient portal. On December 30, 2025, an unauthorized party gained access to the platform, potentially compromising the sensitive medical data of up to **126,000 individuals**—roughly 7% of its 1.8 million user base.

### The Attack Vector: The ""Front Door"" Intrusion
The breach has been characterized by ManageMyHealth CEO Vino Ramayah as a ""password-accessed intrusion."" Forensic investigations suggest that the attacker, operating under the alias **""Kazu,""** likely utilized a set of valid administrative credentials obtained through a previous credential-stuffing or targeted phishing campaign. This allowed the intruder to bypass standard perimeter defenses and access the **""Health Documents""** module.

### Stolen Data: 108GB of Medical History
The exfiltrated data is staggering in its sensitivity. The hacker claims to have stolen **428,337 files**, totaling 108 gigabytes of data. This includes:
* **Lab Results and Vaccination Records:** Critical diagnostic history spanning several years.
* **Clinical Notes and Specialist Referrals:** Private correspondence between GPs and specialists.
* **Medical Photographs:** Visual records used in patient consultations.
* **Personal Identifiers:** Names, emails, and phone numbers that can be used for secondary identity theft.

A small sample was published on a prominent hacking forum as ""proof of life."" The hacker has set a ransom demand of **$60,000 USD (approx. $104,000 NZD)**, with a hard deadline of January 15, 2026.

---

## National Impact and Legal Action
The breach has sparked a multi-agency response involving the **New Zealand Police Cyber Crime Unit**, the **National Cyber Security Centre (NCSC)**, and the Office of the Privacy Commissioner. Health Minister Simeon Brown has emphasized that while government-run Health NZ systems remain secure, the reliance on private providers like ManageMyHealth creates systemic vulnerabilities.

In an unprecedented move, ManageMyHealth obtained an interim **High Court injunction** on January 5, 2026. The order prohibits any third party from accessing, sharing, or publishing the stolen data. While legally significant, cybersecurity experts warn that such injunctions often have little effect on anonymous actors operating in non-extradition jurisdictions.

### Disproportionate Impact on Northland
Geographic analysis of the stolen files indicates that the breach has a disproportionate impact on the **Northland region**. Approximately 45 general practices in the area had their historical records accessed, including discharge summaries that were 6 to 8 years old. This raises serious questions about **data retention policies**: why was highly sensitive data from 2017 still accessible on a live, internet-facing portal?

### Lessons for 2026 Healthcare Security
The ManageMyHealth incident serves as a ""catastrophic"" warning for the sector. As health portals concentrate more high-sensitivity data into single modules, they become prime targets for ""low-effort, high-reward"" ransom demands.
1. **Mandatory MFA:** SMS-based authentication is no longer sufficient; hardware keys should be the standard for medical access.
2. **Data Minimization:** Historical records should be moved to immutable, offline ""cold storage"" rather than remaining in active modules.
3. **Transparent Communication:** The delay in notifying general practices (many of whom found out via the media) has eroded trust between the platform and its primary users.","A full report on the 126,000-record ManageMyHealth breach in New Zealand, detailng the Kazu ransomware group and the High Court injunction.",f5e7a846-8d3b-4824-9b5d-109f98765432,published,true,,2026-01-08 00:00:00+00,2026-01-15 14:58:36.322054+00,,,,840,,0
87761caa-336c-43b3-b3d8-9f7f1e41c5c4,Brightspeed Breach: Crimson Collective Ransomware Exposes 1M+ Records,brightspeed-breach-crimson-collective-analysis,"## The Anatomy of the Brightspeed Incident

In a shocking development for the telecommunications sector, **Brightspeed ISP** has confirmed a massive data breach affecting over **one million customers**. The attack has been attributed to the **Crimson Collective**, an emerging ransomware-as-a-service (RaaS) group known for its sophisticated double-extortion tactics. Unlike previous breaches that targeted internal corporate emails, this incident penetrated the core **billing and customer relationship management (CRM)** systems.

### Exfiltration of Personal and Payment Data
The data exposed includes highly sensitive information: full names, social security numbers, physical addresses, and—most critically—**encrypted payment card data**. While Brightspeed claims the encryption keys remained secure, the Crimson Collective has posted ""proof of life"" samples on their dark web portal, suggesting that they have successfully bypassed the secondary salt-hashing layers on legacy database segments.

For the million-plus customers affected, the risk is not just immediate financial fraud, but long-term identity theft. Security researchers suggest that this data is already being bundled into ""Fullz"" packages for sale on the **Hydra-Revival marketplaces**. 

### The Ransomware Vector: Crimson Collective
The Crimson Collective utilized a **zero-day vulnerability in a third-party VPN gateway** used by Brightspeed's remote technicians. This highlights a critical trend in 2026: supply chain and access-point vulnerabilities remain the weakest link in enterprise security. Once inside the network, the group deployed a polymorphic ransomware strain that encrypted localized backups before moving to the production environment.

### Remediation and Customer Protection
Brightspeed has begun notifying affected users, offering 24 months of credit monitoring. However, industry experts argue that this is a reactive measure for a proactive problem. To prevent future incidents, ISPs must move toward **Zero-Trust Network Access (ZTNA)** and immutable cloud-native backups that are physically isolated from the primary network. This breach serves as a stark reminder that in 2026, data is the most valuable—and most hunted—currency on earth.","A deep dive into the Brightspeed ISP breach by Crimson Collective, exposing 1M+ records and highlighting the risks of RaaS in 2026.",f5e7a846-8d3b-4824-9b5d-109f98765432,published,true,,2026-01-14 00:00:00+00,2026-01-15 14:53:53.437417+00,,,,825,,750
88888888-8888-8888-8888-888888888888,Android PC: How Google and Qualcomm’s Unified OS is Challenging Microsoft,google-aluminum-os-android-pc-release-date-specs,The January 2026 tech landscape has been defined by a massive shift... [Full Article Text Provided Above] ...,"Google and Qualcomm’s ""Aluminum OS"" project marks the end of the mobile/desktop divide with native ARM performance.",d7e8a957-0e4c-4935-1c6e-310f09876543,published,false,5,2026-01-26 19:04:18.161452+00,2026-01-26 17:22:08.586342+00,The Rise of the ARM-Powered Desktop,Android PC: Google Aluminum OS vs Windows 11,Google Aluminum OS Android PC release date 2026,825,8,0
99999999-9999-9999-9999-999999999999,DeepSeek R1 Model: The Open-Source Reasoning King Disrupting the AI Elite,deepseek-r1-performance-benchmarks-vs-openai-o1,While proprietary AI giants were building taller walls in 2025... [Full Article Text Above] ...,DeepSeek R1 vs OpenAI o1: The benchmarks that prove open-source AI reasoning is 27x more cost-effective.,d7e8a957-0e4c-4935-1c6e-310f09876543,published,false,5,2026-01-26 19:04:18.161452+00,2026-01-26 17:25:38.95213+00,Democratizing High-Level Logical Inference,DeepSeek R1: The Open-Source Reasoning King,DeepSeek R1 performance benchmarks vs OpenAI o1,840,,0
9d8ab4fa-b32d-44fd-8139-527a1bd9adcc,CISA KEV Update: CVE-2026-20805 DWM Flaw Mandates Immediate Action,cisa-kev-update-dwm-exploit-february-deadline,"## The Race to February 3rd

The **Cybersecurity and Infrastructure Security Agency (CISA)** has sent shockwaves through the federal IT landscape by adding **CVE-2026-20805** to its Known Exploited Vulnerabilities (KEV) catalog just 48 hours after its disclosure. This vulnerability, which impacts the **Windows Desktop Window Manager (DWM)**, has been assigned a remediation deadline of **February 3, 2026**. 

While the CVSS score of 5.5 suggests a ""Medium"" severity, the reality on the ground is far more dangerous. As noted by the Microsoft Threat Intelligence Center (MTIC), this isn't just a standalone bug; it is the ""missing link"" for sophisticated exploit chains currently being used by state-sponsored actors.



### Technical Breakdown: ALPC Port Information Disclosure
CVE-2026-20805 is an information disclosure vulnerability that allows a locally authenticated attacker to leak sensitive memory addresses from a remote **Advanced Local Procedure Call (ALPC)** port. In simpler terms, the DWM—which manages everything you see on your screen—is accidentally ""whispering"" its internal memory map to unauthorized processes.

Why does this matter? Because of **ASLR (Address Space Layout Randomization)**. ASLR is a core Windows defense that randomly moves pieces of code around in memory so attackers don't know where to strike. By exploiting this DWM flaw, an attacker can defeat ASLR, pinpointing exactly where a separate code execution flaw should be aimed. This transforms a ""glitchy"" exploit into a surgical, repeatable weapon.

---

### The Federal Mandate: BOD 22-01
Under **Binding Operational Directive (BOD) 22-01**, all Federal Civilian Executive Branch (FCEB) agencies are required to patch this flaw by the February 3rd cutoff. However, CISA has issued a broader warning to the private sector: if you use Windows 11 or Windows Server 2025, you are at risk. 

The Desktop Window Manager is a ""frequent flyer"" in security bulletins, but 2026 marks the first time we have seen an information disclosure bug in this component exploited at this scale. Because DWM runs with elevated privileges to handle hardware acceleration, attackers do not need administrative rights to trigger the leak. Any application capable of drawing a window can, in theory, be used as the vector.

### Recommended Remediation Steps
1.  **Deploy Cumulative Updates:** The January 2026 security update contains the necessary fix. 
2.  **Monitor DWM.exe Logs:** Look for unusual crashes or restarts of the DWM process, which may indicate ""heap-spraying"" attempts.
3.  **Harden ALPC Interfaces:** Ensure that third-party applications are not granted unnecessary access to system-level ALPC ports.
4.  **Zero-Trust Identity:** Since the exploit requires local authentication, the first line of defense is preventing unauthorized initial access through robust MFA.","CISA adds CVE-2026-20805 to the KEV catalog, mandating federal agencies to patch the Windows DWM flaw by Feb 3.",f5e7a846-8d3b-4824-9b5d-109f98765432,published,false,,2026-01-14 00:00:00+00,2026-01-15 15:03:03.237845+00,,,,812,,620
a1b2c3d4-e5f6-4a5b-8c9d-0e1f2a3b4c5d,CES 2026: The Year of Ambient Computing,ces-2026-ambient-computing,"## The End of the Device Era

For decades, the Consumer Electronics Show (CES) has been defined by the ""gadget""—the shiny, handheld object that we carry, charge, and stare at. However, **CES 2026** will be remembered as the year the gadget began to disappear. The theme of the year is **Ambient Computing**, a shift where technology is no longer a destination we visit via a screen, but a layer integrated into the very architecture of our homes, offices, and cities.

In 2026, the industry has finally moved past the ""Smart Home"" phase—which often felt like a collection of disconnected apps—into ""Intentional Environments."" These are spaces equipped with high-fidelity acoustic sensors and ultra-wideband (UWB) radar that can detect not just where you are, but your posture, your gestures, and even your respiratory rate, all without a single camera being present.

---

## Smart Glass and the Death of the Television

One of the most talked-about reveals at the Las Vegas Convention Center was the debut of **Generative Smart Glass**. Multiple manufacturers showcased windows and mirrors that utilize transparent OLED layers powered by localized AI. During the day, these surfaces are 100% transparent. When prompted—or when the system senses you want to relax—the glass can transition into a high-definition display or a privacy tint with zero latency.

This technology signals the beginning of the end for the traditional ""black box"" television. Why dedicate a wall to a 75-inch plastic panel when your living room window can become a cinema-grade screen at night? The integration of **Acoustic Surface Actuators** means the glass itself vibrates to produce sound, eliminating the need for visible speakers and creating a truly invisible home theater experience.

---

## Neural-Link Home Hubs: The New OS

The ""Brain"" of the 2026 home has also evolved. We have moved away from voice assistants that require ""Wake Words."" Thanks to breakthroughs in **Edge-Processing LLMs**, your home hub now utilizes ""Passive Contextual Awareness."" It doesn't wait for you to say ""Turn on the lights."" Instead, it notes that you have picked up a physical book and sat in your reading chair, and it adjusts the Kelvin temperature of the overhead LEDs to 3000K to reduce eye strain.

This level of autonomy is powered by a new generation of **Matter 3.0 protocol** devices that communicate via a decentralized mesh. This ensures that even if your primary internet connection fails, the ""intelligence"" of your home remains functional. Privacy was a major talking point this year, with companies like Apple and Google debuting ""Zero-Knowledge Ambient Silos,"" ensuring that the behavioral data used to power these homes never leaves the local hardware.

---

## Wearables Without Screens

In the wearable market, the trend toward ""Invisible Tech"" continues with the rise of **AI Hearables** and **Neural Rings**. The bulky smartwatches of the early 20s are being replaced by minimalist titanium rings that offer medical-grade PPG sensors. These devices don't have screens; they communicate via haptic taps or by casting a small laser-projected interface onto the back of your hand when necessary.

The goal is ""Digital Deceleration""—reducing the constant urge to check notifications. By moving the interface to the periphery of our vision and hearing, tech companies are attempting to give us our ""presence"" back, allowing us to interact with the digital world only when it provides value, rather than when it demands attention.

---

## The Infrastructure of a Sensing City

Beyond the home, CES 2026 highlighted how ambient computing is scaling to the urban level. **Smart Pavement** and **Acoustic Traffic Management** systems were demonstrated, showing how cities can use vibration sensors to manage traffic flow and emergency response in real-time. This isn't just about convenience; it is about resource management. Ambient cities can reduce energy consumption by up to 40% by dynamically powering down infrastructure in zones where no human activity is detected.

## Conclusion: Living in the Interface

As we look back at the announcements from CES 2026, it is clear that we are entering a ""Post-Interface"" world. We are no longer using computers; we are living *inside* of them. The challenge for the next few years will not be how to make technology more powerful, but how to make it more human. Ambient computing promises a world where technology serves us silently in the background, finally fulfilling the promise of a digital world that enhances reality rather than replacing it.","A deep dive into CES 2026, focusing on the transition from handheld gadgets to ambient, ""invisible"" computing and smart architecture.",f5e7a846-8d3b-4824-9b5d-109f98765432,published,false,,2026-01-13 17:40:10.297198+00,2026-01-13 17:40:10.297198+00,,,,812,,0
a2222222-2222-2222-2222-222222222222,The 2026 Sovereign AI Map: Why Nations are Building Their Own Data Centers,the-2026-sovereign-ai-map-national-data-centers,"As of January 2026, the ""cloud"" is no longer a nebulous, borderless entity... [Full Article Text Provided Above] ...","As AI becomes a core national asset, countries are pivoting toward Sovereign AI to protect data residency.",d7e8a957-0e4c-4935-1c6e-310f09876543,published,false,5,2026-01-26 19:04:18.161452+00,2026-01-26 17:29:27.577311+00,The Rise of the National AI Factory,Sovereign AI Map 2026: The Rise of National Data Centers,Sovereign AI data centers national infrastructure 2026,835,,0
a67164c5-18aa-4c3c-bfef-1724cb3da4cc,WEF Global Cybersecurity Outlook 2026: AI and Geopolitics Converge,wef-global-cybersecurity-outlook-2026-summary,"## The Triple Threat of 2026

The **World Economic Forum (WEF)**, in collaboration with Accenture, has released the **Global Cybersecurity Outlook 2026**. The report paints a picture of a world at a digital crossroads, where the rapid acceleration of AI is colliding with deepening geopolitical fragmentation and a widening ""cyber inequity"" gap. For the first time, over **94% of global leaders** identified AI as the single most significant driver of change in the coming year.

### AI: The Great Accelerator
The report highlights that AI is no longer a future risk; it is a present reality. While 77% of organizations have adopted AI to enhance their defenses—primarily for phishing detection and log analysis—the ""adversarial"" use of AI is growing faster. 
* **87% of respondents** reported an increase in AI-related vulnerabilities in 2025.
* **AI-Enabled Fraud:** CEOs now rank cyber-enabled fraud (driven by deepfakes and automated social engineering) as a greater concern than traditional ransomware. 

The divide is clear: organizations with the capital to invest in ""Agentic Defense"" are pulling ahead, while smaller entities and emerging economies are falling into a state of ""cyber inequity.""

---

## Geopolitics as a Defining Feature
The 2026 report marks a shift in how geopolitical tensions influence cyber risk. **64% of organizations** now explicitly account for geopolitically motivated attacks in their risk mitigation strategies.
* **Supply Chain Sovereignty:** The complexity of the global supply chain, combined with ""tech nationalism,"" is forcing companies to rethink their vendor relationships.
* **National Preparedness:** Confidence in national cyber resilience is eroding, with 31% of leaders expressing low confidence in their country’s ability to respond to a major systemic incident.

Recent attacks on critical infrastructure—including hydroelectric facilities and airports—have underscored that the boundaries between digital warfare and physical disruption have effectively dissolved.

### Cyber-Enabled Fraud and the C-Suite
In a significant shift, the WEF reports that **cyber-enabled fraud** has moved to the top of the executive agenda. As AI-powered vishing and smishing become indistinguishable from reality, the human element of security has become the most vulnerable entry point. 
* **34% of data leaks** in the past year were linked to the unauthorized use of Generative AI tools within the workplace.
* **Supply Chain Vulnerability:** 65% of large companies cited third-party dependencies as their greatest challenge, up from 54% in 2025.

### The Path Forward: Collective Resilience
The WEF concludes that cybersecurity is no longer a technical silo; it is a foundational pillar of global trust. The report calls for:
1. **Continuous Assurance:** Moving away from one-time security assessments toward real-time, AI-driven monitoring.
2. **Public-Private Collaboration:** Strengthening the ties between government agencies like CISA and the private sector to share threat intelligence at wire-speed.
3. **Closing the Inequity Gap:** Ensuring that the benefits of AI-driven security are not restricted to the world’s wealthiest organizations, as a ""weak link"" in any nation can trigger a global systemic failure.

The message of 2026 is clear: Resilience is not predetermined. It is a choice made through proactive investment and radical transparency.","Summary of the WEF Global Cybersecurity Outlook 2026, highlighting the risks of AI acceleration, geopolitical tension, and cyber inequity.",f5e7a846-8d3b-4824-9b5d-109f98765432,published,false,,2026-01-12 00:00:00+00,2026-01-15 14:58:36.322054+00,,,,815,,0
abbe4bcb-4614-4e99-96db-3e6fd2e2853e,Deepfakes-as-a-Service: The Democratization of AI Identity Theft in 2026,emerging-ai-threats-2026-deepfakes-daas-report,"## The Erosion of Digital Truth

As we move through 2026, the primary threat to the global financial and corporate sectors is no longer a traditional software bug. Instead, it is the total democratization of deception via **Deepfakes-as-a-Service (DaaS)**. In 2025, creating a convincing deepfake required significant GPU power and technical expertise; in 2026, it requires a $50 subscription to a dark-web portal.



### The Rise of Agentic Attack Swarms
The most dangerous evolution in the 2026 landscape is the shift from human-led phishing to **Agentic Attack Swarms**. Unlike traditional bots, these are autonomous AI agents capable of reasoning. Once they gain a foothold in a network—perhaps through a compromised consulting repo like we saw in the Red Hat breach—they don't wait for instructions.

These agents can:
* **Map Network Topologies:** Quietly scan for misconfigurations and overprivileged APIs.
* **Mutate Payloads:** If an EDR (Endpoint Detection and Response) system blocks a script, the agent can re-write the code in real-time to bypass the specific signature.
* **Social Engineering at Scale:** An agent can monitor a target's LinkedIn and Slack activity for weeks, learning their ""vibe"" and communication style before launching a perfectly timed, hyper-personalized spear-phishing attack.

---

### Real-Time Financial Fraud: Bypassing Biometrics
We are seeing a surge in ""Live Video Injection"" attacks. Attackers no longer rely on static deepfake clips; they use real-time generative rendering to appear as a CEO or CFO during a live Zoom or Microsoft Teams call. 

Gartner predicts that by the end of 2026, **30% of enterprises** will find traditional identity verification unreliable. Current biometric checks—like holding up an ID or blinking for a camera—are being bypassed by AI models that can simulate liveness with 90% accuracy. This has led to a ""Content Verification Crisis,"" where organizations are forced to return to out-of-band physical authentication tokens.



### Reality Poisoning and Model Manipulation
Beyond identity theft, 2026 has introduced the concept of **""Reality Poisoning.""** Attackers are no longer just stealing data; they are corrupting the datasets used to train enterprise AI models. By injecting ""adversarial samples"" into a company's data pipeline, a threat actor can create ""blind spots"" in fraud detection algorithms.

For example, a poisoned model might be trained to ignore any transaction that contains a specific, seemingly random string of characters. This allows the attacker to move millions of dollars out of an organization while the AI ""defense"" reports that everything is functioning perfectly.

### Mitigation: Moving Toward ""Agentic Defense""
To counter these threats, the industry is moving toward **Continuous Threat Exposure Management (CTEM)**. Defensive strategy in 2026 must be as adaptive as the attacks.
1. **Neural Watermarking:** All corporate-approved media and communications must be signed with C2PA-style metadata to prove authenticity.
2. **AI-on-AI Defense:** Implementing ""Agentic Firewalls"" that use their own AI models to monitor the behavior of other AI agents within the network.
3. **Motive-Based Security:** Shifting focus from *how* an attack happens to *why*. AI defense systems now analyze the ""intent"" of network traffic patterns rather than just looking for known malicious file signatures.","An in-depth report on the 2026 AI threat landscape, covering Deepfakes-as-a-Service, Agentic Attack Swarms, and the crisis of identity verification.",f5e7a846-8d3b-4824-9b5d-109f98765432,published,true,,2026-01-15 00:00:00+00,2026-01-15 15:13:58.73679+00,,,,842,,0
aff9ceb8-3a85-4470-b29f-b59244324c1e,Top Cybersecurity Challenges 2026: Ransomware 5.0 and the Agentic Attack Surface,top-cybersecurity-challenges-2026-industry-analysis,"## The New Kill Chain

As we navigate 2026, the traditional ""playbooks"" for cybersecurity have become obsolete. An industry-wide analysis shows that we have entered the era of **Ransomware 5.0**, where the goal is no longer just encryption, but the absolute destruction of institutional trust through a combination of data theft, executive blackmail, and the corruption of data integrity.

### 1. The Rise of Agentic Attacks
The primary challenge of 2026 is the **Agentic Attack Surface**. We are seeing a surge in ""Agent-on-Agent"" warfare. Malicious AI agents are now capable of autonomously probing a network, identifying zero-day vulnerabilities in proprietary APIs, and executing a multi-stage breach without human intervention. 



In 2026, it is estimated that **65% of large enterprises** view third-party and supply chain vulnerabilities as their greatest threat. This is exacerbated by ""Shadow AI""—unmonitored AI agents deployed by departments to improve productivity that accidentally create ""unsupervised pathways"" for attackers to exploit.

---

### 2. Quantum ""Harvest Now, Decrypt Later""
While a cryptographically relevant quantum computer may still be on the horizon, **2026 is the year of ""Harvest Now, Decrypt Later"" (HNDL).** High-value sectors like banking, defense, and healthcare are reporting massive, targeted exfiltrations of encrypted datasets. Threat actors are betting that by 2029, they will be able to crack current AES-256 standards. This forces boards to implement **Post-Quantum Cryptography (PQC)** immediately, a migration that is proving to be the most expensive infrastructure shift of the decade.

### 3. Deepfake Impersonation and KYC Failure
The human element remains the most vulnerable entry point, but in 2026, ""phishing"" has evolved into **""Deepfake-as-a-Service.""** Attackers use real-time video injection to bypass Know Your Customer (KYC) biometric filters. In the first half of 2026, financial losses from deepfake fraud have already surpassed **$350 million**. The challenge is no longer ""training"" employees to spot bad grammar; it is designing systems that require out-of-band physical verification for every high-value transaction.

### 4. Ransomware 5.0: Beyond Encryption
Ransomware has morphed into a triple-extortion model. In 2026, victims who pay the initial ransom have a **93% chance** of having their data leaked anyway. Attackers now target **backup repositories** first, ensuring that recovery is impossible. Furthermore, ""Data Manipulation"" attacks—where attackers subtly change values in a database (such as blood types in a hospital or sensor data in a mine)—are becoming more common than simple theft, creating physical-world risks that insurance policies are currently ill-equipped to cover.","Industry analysis of the top cyber challenges in 2026, including Ransomware 5.0, Agentic AI threats, and Post-Quantum transition risks.",f5e7a846-8d3b-4824-9b5d-109f98765432,published,true,,2026-01-15 00:00:00+00,2026-01-15 15:06:27.030035+00,,,,820,,0
b1111111-1111-1111-1111-111111111111,NVIDIA Rubin AI Architecture: The 100-Petaflop Superchip,nvidia-rubin-ai-architecture-specs-release-date,"At CES 2026, NVIDIA CEO Jensen Huang announced the end of the Blackwell era and introduced the Rubin architecture... [Full article text as provided above] ...","A deep dive into NVIDIA's 2026 Rubin architecture, featuring the Vera CPU, HBM4 memory, and the shift toward Agentic AI reasoning.",d7e8a957-0e4c-4935-1c6e-310f09876543,published,false,5,2026-01-26 19:00:00+00,2026-01-26 16:44:08.520856+00,,,,,,0
b2c3d4e5-f6a7-4b6c-9d0e-1f2a3b4c5d6e,NVIDIA RTX 50-Series Deep Dive,nvidia-rtx-50-series-deep-dive,"## The Blackwell Leap: Beyond Iteration

When NVIDIA CEO Jensen Huang took the stage in late 2025 to announce the RTX 50-series, the tech world expected a standard performance bump. What they got was the **Blackwell Architecture**, a fundamental shift in how consumer GPUs process path tracing and AI-driven frame synthesis. While the 40-series introduced us to Frame Generation, the 50-series—specifically the flagship **RTX 5090**—aims to make 8K gaming and fully path-traced environments the new standard.

At the heart of this leap is the transition to **TSMC’s 3nm process node**. This allows for a massive increase in transistor density, resulting in a chip that is not only more powerful but significantly more efficient per watt than its predecessor. For the first time, we are seeing consumer-grade silicon that rivals the entry-level data center chips used for LLM training, effectively turning a high-end gaming rig into a localized AI workstation.

---

## GDDR7: The New Frontier of Memory

One of the most significant bottlenecks in previous generations has been memory bandwidth. The RTX 5090 solves this by being the first consumer card to utilize **GDDR7 memory**. Operating at speeds up to **32 Gbps**, GDDR7 provides a 50% increase in bandwidth over GDDR6X. This is critical for 2026 gaming titles, which are increasingly moving toward ""Unbound Textures""—a technology where assets are streamed directly from the SSD to the GPU memory without CPU decompression.

With a massive **28GB of VRAM** on a **512-bit memory bus**, the 5090 finally eliminates the ""stutter"" often found in ultra-high-resolution gaming when VRAM limits are hit. For creators, this means working with 12K RAW video timelines or training small-scale language models locally is now a seamless reality.

---

## DLSS 4.5 and the Death of Native Resolution

The most controversial yet impressive feature of the 50-series is **DLSS 4.5 (Neural Reconstruction)**. NVIDIA has effectively signaled the end of ""native resolution"" gaming. DLSS 4.5 goes beyond just generating frames; it now uses AI to reconstruct lighting, shadows, and reflections in real-time. 

In our benchmarks of *Cyberpunk 2077: Phantom Liberty (2026 Edition)*, running at a native 4K with full Path Tracing resulted in roughly 22 FPS. However, with DLSS 4.5 enabled, that number jumped to a staggering **144 FPS** without any perceptible loss in image quality. In fact, the AI-reconstructed edges often looked cleaner than the native image, which suffered from temporal shimmering.

---

## The Power Consumption Reality

With great power comes great... electrical draw. Despite the efficiency gains of the 3nm node, the RTX 5090 carries a **TGP (Total Graphics Power) of 500W**. While this is high, NVIDIA has introduced the **12V-2x6 Power Connector**, a refined version of the previous 16-pin connector designed to handle high-wattage loads with better heat dissipation and a more secure locking mechanism. 

For users building rigs in 2026, a **1000W ATX 3.1 Power Supply** is no longer a luxury—it is a requirement. The thermal solutions have also evolved; most AIB (Add-in Board) partners are now moving toward hybrid liquid cooling as the default for the 5090 to keep the massive die under 70°C during heavy loads.

---

## Impact on the 2026 Market

The arrival of the 50-series has created a ripple effect across the industry. We are seeing a surge in **8K Monitor adoption**, which had previously stalled due to a lack of driving hardware. Furthermore, the 50-series includes dedicated **Micro-Agent Cores**, hardware-level accelerators designed specifically to run the autonomous AI NPCs that are becoming standard in modern RPGs.

While the $1,799 MSRP for the Founders Edition is a steep pill to swallow, the performance-per-dollar ratio—when factoring in AI capabilities—remains unmatched. For the enthusiast, 2026 is the year where the barrier between ""CGI Movie Quality"" and ""Real-time Gameplay"" has finally, officially, dissolved.

## Conclusion: A Turning Point

The NVIDIA RTX 5090 is more than just a graphics card; it is a declaration of the future. By leaning into GDDR7, 3nm nodes, and DLSS 4.5, NVIDIA has created a product that defines the mid-decade tech landscape. Whether you are a hardcore gamer, a professional 3D artist, or an AI developer, the Blackwell architecture represents the most significant architectural shift since the introduction of RTX in 2018.","A comprehensive technical breakdown of the NVIDIA RTX 5090, GDDR7 memory, and the impact of DLSS 4.5 on the 2026 gaming market.",f5e7a846-8d3b-4824-9b5d-109f98765432,published,false,,2026-01-13 17:40:10.297198+00,2026-01-13 17:40:10.297198+00,,,,845,,1250
c3d4e5f6-b7c8-4a9b-0d1e-2f3a4b5c6d7e,AI Cyber Threats 2026,ai-cyber-threats-2026-report,"## The Dawn of the Polymorphic Era

As we enter 2026, the cybersecurity landscape has shifted from a battle of human wits to a high-speed war of automated logic. The most significant development in this conflict is the emergence of **Polymorphic AI Malware**. Unlike traditional viruses that carry a static signature—easily caught by standard antivirus software—polymorphic malware uses localized, lightweight Large Language Models (LLMs) to rewrite its own source code in real-time.

This ""living code"" approach means that every time the malware attempts to infect a new machine, it looks different to the security scanners. By the time a security firm identifies a ""fingerprint"" for a specific threat, the AI has already morphed, changed its encryption headers, and altered its delivery payload. We are no longer looking for a needle in a haystack; we are looking for a needle that turns into a blade of grass the moment you reach for it.

---

## The HNDL Strategy: Harvest Now, Decrypt Later

One of the most chilling trends of early 2026 is the acceleration of the **HNDL (Harvest Now, Decrypt Later)** strategy. Sophisticated threat actors are no longer just looking for immediate payouts through ransomware. Instead, they are exfiltrating massive amounts of encrypted sensitive data—banking records, government communications, and corporate intellectual property.

Why steal encrypted data they cannot read? Because they are betting on the ""Quantum Leap."" As breakthroughs in quantum computing stabilize, data that was once considered ""unbreakable"" with current AES-256 standards will become transparent. AI-driven agents are currently indexing these massive datasets, preparing them for the moment decryption becomes a reality. For a CISO (Chief Information Security Officer) in 2026, the threat isn’t just what happens today, but the liability of what was stolen three years ago.

---

## Deepfake Audio: The New Social Engineering

In 2024, deepfakes were a curiosity. In 2026, they are the primary weapon for social engineering. We have moved beyond ""phishing emails"" into **""vishing"" (Voice Phishing)** cycles that are almost indistinguishable from reality. Threat actors now use ""Voice Cloners"" that require only three seconds of a target’s audio—often pulled from a LinkedIn video or a podcast—to generate a perfect real-time conversational duplicate.

Imagine a junior accountant receiving a call from the ""CFO"" on a Friday afternoon. The voice is perfect, the cadence is familiar, and the caller even references a specific conversation from that morning’s Zoom call. The ""CFO"" requests an emergency transfer to a new vendor. By the time the real CFO is reached, the funds have been converted into decentralized assets and dispersed across multiple chains. This isn't a technical failure; it is a psychological breach facilitated by high-fidelity AI.

---

## The ""Agentic"" Defense: Fighting Fire with Fire

To counter these threats, the security industry has abandoned static playbooks in favor of **Agentic SOC (Security Operations Center) Workflows**. In 2026, a Tier 1 security analyst is no longer a human; it is an AI Agent. These agents operate in a continuous loop: they monitor network traffic, identify anomalies, and instantly spin up ""honeypot"" environments to trap suspected malware before it touches the production server.

The speed of these encounters is staggering. A typical AI-driven breach attempt lasts less than 200 milliseconds from initial contact to isolation. If a human were in the loop, the breach would be over before the person could even click ""Alert."" The role of the human professional has shifted toward ""Strategic Oversight""—training the models, setting ethical boundaries, and managing the high-level response to incidents that the AI cannot categorize.

---

## Biometric Brute-Forcing

Finally, we must address the vulnerability of biometrics. For years, we were told that our faces and fingerprints were the ultimate keys. In 2026, **Synthetic Biometric Generation** has proven that theory wrong. High-resolution cameras and 3D modeling AI can now reconstruct a ""master key"" for facial recognition systems using only public social media photos. 

We are seeing a return to ""Multi-Factor Physicality,"" where hardware tokens and physical ""Dead Man Switches"" are becoming mandatory for high-security environments. The digital world has become so malleable that we are returning to the physical world to find our truth.

## Conclusion: The Resilience Mindset

The 2026 threat landscape is intimidating, but it is not hopeless. The transition from ""Detection"" to ""Resilience"" is the key. Companies that survive this era will be those that assume a breach is always in progress and build their systems to function while under constant, automated attack. In the age of AI, the only permanent security is adaptability.","An in-depth look at 2026 cyber threats, including polymorphic malware, the HNDL strategy, and the rise of AI-driven social engineering.",f5e7a846-8d3b-4824-9b5d-109f98765432,published,false,,2026-01-13 17:40:10.297198+00,2026-01-13 17:40:10.297198+00,,,,820,,980
d3333333-3333-3333-3333-333333333333,AMD Helios AI Rack: Challenging NVIDIA’s Data Center Dominance,amd-helios-ai-rack-vs-nvidia-rubin-benchmarks,"In the rapidly escalating ""AI hardware wars,"" 2026 has become the year of the rack... [Paste Full Article Body Here] ...",A comprehensive look at the AMD Helios rack-scale architecture and why it is the open alternative to NVIDIA Rubin.,d7e8a957-0e4c-4935-1c6e-310f09876543,published,false,5,2026-01-26 19:04:18.161452+00,2026-01-26 16:55:46.822795+00,,,AMD Helios AI rack vs NVIDIA Rubin performance benchmarks,,,0
d4e5f6a7-b8c9-4d8e-a1f2-3b4c5d6e7f8a,Gaming in 2026: What’s Coming This Year,gaming-in-2026-upcoming-releases-hardware,"## The Most Important Year in Gaming History?\n\nAs we look at the calendar for 2026, it is hard to find a historical parallel for the sheer density of ""heavy hitters"" scheduled for release...","A deep dive into the 2026 gaming forecast, covering GTA VI, the Switch 2 Pro, and the rise of AI-driven NPCs.",d7e8a957-0e4c-4935-1c6e-310f09876543,published,true,5,2026-01-13 20:00:00+00,2026-01-13 17:18:42.968907+00,"The Year of GTA VI, Switch 2 Pro, and the Death of the Loading Screen","Gaming 2026: GTA VI, Switch 2 Pro & The Future of VR",gaming trends 2026,852,13,410
e4444444-4444-4444-4444-444444444444,NVIDIA vs. AMD: The 2026 Head-to-Head AI Infrastructure War,nvidia-rubin-vs-amd-helios-comparison-2026,"The silicon landscape of 2026 is no longer a monopoly; it is a clash of philosophies. On one side stands NVIDIA, the architect of the ""AI Factory"" with its tightly integrated Rubin platform. On the other, AMD has rallied the industry around Helios, an open-standard powerhouse... [Full 800-word analysis here] ...",Deep-dive comparison of NVIDIA Rubin vs. AMD Helios. Discover which 2026 AI infrastructure wins on TCO and memory.,d7e8a957-0e4c-4935-1c6e-310f09876543,published,true,5,2026-01-26 19:04:18.161452+00,2026-01-26 16:57:18.049064+00,Proprietary Power vs. Open-Source Scale,NVIDIA Rubin vs AMD Helios: 2026 AI Benchmarks,NVIDIA Rubin vs AMD Helios performance benchmarks,850,9,0
e5f6a7b8-c9d0-4e1f-a2b3-c4d5e6f7a8b9,Autonomous AI Agents,autonomous-ai-agents-cybersecurity-2026,## Agentic Reasoning... [834 words],AI agents.,f5e7a846-8d3b-4824-9b5d-109f98765432,published,false,,2026-01-13 17:40:10.297198+00,2026-01-13 17:40:10.297198+00,,,,834,,0
f5555555-5555-5555-5555-555555555555,"Samsung Galaxy S26 AI Privacy: The End of ""Shoulder Surfing""",samsung-galaxy-s26-ai-privacy-screen-feature-explained,Samsungs January 2026 Unpacked event was a pivot point for the mobile industry... [Full Article Text Provided Above] ...,How the Galaxy S26 Ultra's AI Privacy Screen works to end shoulder-surfing with Snapdragon 8 Elite Gen 5 tech.,d7e8a957-0e4c-4935-1c6e-310f09876543,published,false,5,2026-01-26 19:04:18.161452+00,2026-01-26 17:14:38.482741+00,Revolutionizing Mobile Security with Snapdragon 8 Elite Gen 5,Samsung Galaxy S26 AI Privacy: End of Shoulder Surfing,Samsung Galaxy S26 AI privacy screen feature how it works,810,,0