id,title,slug,comment_count,is_premium,engagement_score
17dde129-92b7-46a2-935e-5890a39239be,WEF Global Cybersecurity Outlook 2026: The AI Arms Race and Geopolitical Fragmentation,global-cybersecurity-outlook-2026-wef-report,0,false,0.0001
19968155-b79c-49e3-a8fd-ab6386dac371,Instagram Data Leak: 17.5M Accounts Compromised in Phishing Wave,instagram-data-leak-2026-phishing-analysis,0,false,0.0002
3ebb1b34-72e6-404f-8bdb-e2d975cc6ec5,Red Hat Consulting Breach: 570GB Stolen from GitLab Instances,red-hat-gitlab-breach-crimson-collective-report,0,true,0.0001
4f06e103-495c-42d8-ba8e-f64448cc3049,Red Hat GitHub Attack: Supply Chain Breach via Compromised Consulting Repos,red-hat-github-attack-supply-chain-integrity-2026,0,true,0.0001
773f8c90-105c-4fe5-8b3c-ac15081c02a4,Deepfakes-as-a-Service: The 2026 Democratization of Cybercrime,emerging-ai-threats-2026-deepfakes-as-a-service,0,true,0.0001
77777777-7777-7777-7777-777777777777,Quantum Motion Silicon: The Breakthrough Scaling Quantum to Millions of Qubits,quantum-motion-silicon-breakthrough-2026,0,false,0.0017
7fdad2d2-5533-4b3d-98e9-1b70b09631ec,Asus Supplier Breach: Firmware Backdoors and the Ring -2 Threat,asus-supplier-breach-firmware-backdoor-analysis-2026,0,true,0.0002
83158d21-de3a-4a23-827d-2a7eff3a1143,ASUS Supplier Breach: The Looming Threat of Hardware Backdoors,asus-supplier-firmware-breach-hardware-backdoor,0,true,0.0002
8700098b-33ed-4d29-8d74-5116428756a0,ManageMyHealth Hack: 126K Patient Records Held for Ransom in NZ,managemyhealth-medical-breach-nz-2026,0,true,0.0001
87761caa-336c-43b3-b3d8-9f7f1e41c5c4,Brightspeed Breach: Crimson Collective Ransomware Exposes 1M+ Records,brightspeed-breach-crimson-collective-analysis,0,true,0.0001
88888888-8888-8888-8888-888888888888,Android PC: How Google and Qualcomm’s Unified OS is Challenging Microsoft,google-aluminum-os-android-pc-release-date-specs,0,false,0.0017
99999999-9999-9999-9999-999999999999,DeepSeek R1 Model: The Open-Source Reasoning King Disrupting the AI Elite,deepseek-r1-performance-benchmarks-vs-openai-o1,0,false,0.0017
9d8ab4fa-b32d-44fd-8139-527a1bd9adcc,CISA KEV Update: CVE-2026-20805 DWM Flaw Mandates Immediate Action,cisa-kev-update-dwm-exploit-february-deadline,0,false,0.0001
a1b2c3d4-e5f6-4a5b-8c9d-0e1f2a3b4c5d,CES 2026: The Year of Ambient Computing,ces-2026-ambient-computing,0,false,0.0001
a2222222-2222-2222-2222-222222222222,The 2026 Sovereign AI Map: Why Nations are Building Their Own Data Centers,the-2026-sovereign-ai-map-national-data-centers,0,false,0.0017
a67164c5-18aa-4c3c-bfef-1724cb3da4cc,WEF Global Cybersecurity Outlook 2026: AI and Geopolitics Converge,wef-global-cybersecurity-outlook-2026-summary,0,false,0.0001
abbe4bcb-4614-4e99-96db-3e6fd2e2853e,Deepfakes-as-a-Service: The Democratization of AI Identity Theft in 2026,emerging-ai-threats-2026-deepfakes-daas-report,0,true,0.0002
aff9ceb8-3a85-4470-b29f-b59244324c1e,Top Cybersecurity Challenges 2026: Ransomware 5.0 and the Agentic Attack Surface,top-cybersecurity-challenges-2026-industry-analysis,0,true,0.0002
b1111111-1111-1111-1111-111111111111,NVIDIA Rubin AI Architecture: The 100-Petaflop Superchip,nvidia-rubin-ai-architecture-specs-release-date,0,false,0.0017
b2c3d4e5-f6a7-4b6c-9d0e-1f2a3b4c5d6e,NVIDIA RTX 50-Series Deep Dive,nvidia-rtx-50-series-deep-dive,0,false,0.0001
c3d4e5f6-b7c8-4a9b-0d1e-2f3a4b5c6d7e,AI Cyber Threats 2026,ai-cyber-threats-2026-report,0,false,0.0001
d3333333-3333-3333-3333-333333333333,AMD Helios AI Rack: Challenging NVIDIA’s Data Center Dominance,amd-helios-ai-rack-vs-nvidia-rubin-benchmarks,0,false,0.0017
d4e5f6a7-b8c9-4d8e-a1f2-3b4c5d6e7f8a,Gaming in 2026: What’s Coming This Year,gaming-in-2026-upcoming-releases-hardware,0,true,0.0001
e4444444-4444-4444-4444-444444444444,NVIDIA vs. AMD: The 2026 Head-to-Head AI Infrastructure War,nvidia-rubin-vs-amd-helios-comparison-2026,0,true,0.0017
e5f6a7b8-c9d0-4e1f-a2b3-c4d5e6f7a8b9,Autonomous AI Agents,autonomous-ai-agents-cybersecurity-2026,0,false,0.0001
f5555555-5555-5555-5555-555555555555,"Samsung Galaxy S26 AI Privacy: The End of ""Shoulder Surfing""",samsung-galaxy-s26-ai-privacy-screen-feature-explained,0,false,0.0017