original_id,related_id,title,slug,shared_tags_count
17dde129-92b7-46a2-935e-5890a39239be,abbe4bcb-4614-4e99-96db-3e6fd2e2853e,Deepfakes-as-a-Service: The Democratization of AI Identity Theft in 2026,emerging-ai-threats-2026-deepfakes-daas-report,1
17dde129-92b7-46a2-935e-5890a39239be,a67164c5-18aa-4c3c-bfef-1724cb3da4cc,WEF Global Cybersecurity Outlook 2026: AI and Geopolitics Converge,wef-global-cybersecurity-outlook-2026-summary,1
17dde129-92b7-46a2-935e-5890a39239be,c3d4e5f6-b7c8-4a9b-0d1e-2f3a4b5c6d7e,AI Cyber Threats 2026,ai-cyber-threats-2026-report,1
17dde129-92b7-46a2-935e-5890a39239be,aff9ceb8-3a85-4470-b29f-b59244324c1e,Top Cybersecurity Challenges 2026: Ransomware 5.0 and the Agentic Attack Surface,top-cybersecurity-challenges-2026-industry-analysis,1
17dde129-92b7-46a2-935e-5890a39239be,773f8c90-105c-4fe5-8b3c-ac15081c02a4,Deepfakes-as-a-Service: The 2026 Democratization of Cybercrime,emerging-ai-threats-2026-deepfakes-as-a-service,1
3ebb1b34-72e6-404f-8bdb-e2d975cc6ec5,4f06e103-495c-42d8-ba8e-f64448cc3049,Red Hat GitHub Attack: Supply Chain Breach via Compromised Consulting Repos,red-hat-github-attack-supply-chain-integrity-2026,1
3ebb1b34-72e6-404f-8bdb-e2d975cc6ec5,87761caa-336c-43b3-b3d8-9f7f1e41c5c4,Brightspeed Breach: Crimson Collective Ransomware Exposes 1M+ Records,brightspeed-breach-crimson-collective-analysis,1
4f06e103-495c-42d8-ba8e-f64448cc3049,3ebb1b34-72e6-404f-8bdb-e2d975cc6ec5,Red Hat Consulting Breach: 570GB Stolen from GitLab Instances,red-hat-gitlab-breach-crimson-collective-report,1
4f06e103-495c-42d8-ba8e-f64448cc3049,83158d21-de3a-4a23-827d-2a7eff3a1143,ASUS Supplier Breach: The Looming Threat of Hardware Backdoors,asus-supplier-firmware-breach-hardware-backdoor,1
4f06e103-495c-42d8-ba8e-f64448cc3049,87761caa-336c-43b3-b3d8-9f7f1e41c5c4,Brightspeed Breach: Crimson Collective Ransomware Exposes 1M+ Records,brightspeed-breach-crimson-collective-analysis,1
4f06e103-495c-42d8-ba8e-f64448cc3049,7fdad2d2-5533-4b3d-98e9-1b70b09631ec,Asus Supplier Breach: Firmware Backdoors and the Ring -2 Threat,asus-supplier-breach-firmware-backdoor-analysis-2026,1
773f8c90-105c-4fe5-8b3c-ac15081c02a4,c3d4e5f6-b7c8-4a9b-0d1e-2f3a4b5c6d7e,AI Cyber Threats 2026,ai-cyber-threats-2026-report,1
773f8c90-105c-4fe5-8b3c-ac15081c02a4,a67164c5-18aa-4c3c-bfef-1724cb3da4cc,WEF Global Cybersecurity Outlook 2026: AI and Geopolitics Converge,wef-global-cybersecurity-outlook-2026-summary,1
773f8c90-105c-4fe5-8b3c-ac15081c02a4,17dde129-92b7-46a2-935e-5890a39239be,WEF Global Cybersecurity Outlook 2026: The AI Arms Race and Geopolitical Fragmentation,global-cybersecurity-outlook-2026-wef-report,1
773f8c90-105c-4fe5-8b3c-ac15081c02a4,abbe4bcb-4614-4e99-96db-3e6fd2e2853e,Deepfakes-as-a-Service: The Democratization of AI Identity Theft in 2026,emerging-ai-threats-2026-deepfakes-daas-report,1
773f8c90-105c-4fe5-8b3c-ac15081c02a4,aff9ceb8-3a85-4470-b29f-b59244324c1e,Top Cybersecurity Challenges 2026: Ransomware 5.0 and the Agentic Attack Surface,top-cybersecurity-challenges-2026-industry-analysis,1
77777777-7777-7777-7777-777777777777,b1111111-1111-1111-1111-111111111111,NVIDIA Rubin AI Architecture: The 100-Petaflop Superchip,nvidia-rubin-ai-architecture-specs-release-date,1
77777777-7777-7777-7777-777777777777,99999999-9999-9999-9999-999999999999,DeepSeek R1 Model: The Open-Source Reasoning King Disrupting the AI Elite,deepseek-r1-performance-benchmarks-vs-openai-o1,1
77777777-7777-7777-7777-777777777777,f5555555-5555-5555-5555-555555555555,"Samsung Galaxy S26 AI Privacy: The End of ""Shoulder Surfing""",samsung-galaxy-s26-ai-privacy-screen-feature-explained,1
77777777-7777-7777-7777-777777777777,a2222222-2222-2222-2222-222222222222,The 2026 Sovereign AI Map: Why Nations are Building Their Own Data Centers,the-2026-sovereign-ai-map-national-data-centers,1
7fdad2d2-5533-4b3d-98e9-1b70b09631ec,4f06e103-495c-42d8-ba8e-f64448cc3049,Red Hat GitHub Attack: Supply Chain Breach via Compromised Consulting Repos,red-hat-github-attack-supply-chain-integrity-2026,1
7fdad2d2-5533-4b3d-98e9-1b70b09631ec,83158d21-de3a-4a23-827d-2a7eff3a1143,ASUS Supplier Breach: The Looming Threat of Hardware Backdoors,asus-supplier-firmware-breach-hardware-backdoor,1
83158d21-de3a-4a23-827d-2a7eff3a1143,4f06e103-495c-42d8-ba8e-f64448cc3049,Red Hat GitHub Attack: Supply Chain Breach via Compromised Consulting Repos,red-hat-github-attack-supply-chain-integrity-2026,1
83158d21-de3a-4a23-827d-2a7eff3a1143,7fdad2d2-5533-4b3d-98e9-1b70b09631ec,Asus Supplier Breach: Firmware Backdoors and the Ring -2 Threat,asus-supplier-breach-firmware-backdoor-analysis-2026,1
87761caa-336c-43b3-b3d8-9f7f1e41c5c4,3ebb1b34-72e6-404f-8bdb-e2d975cc6ec5,Red Hat Consulting Breach: 570GB Stolen from GitLab Instances,red-hat-gitlab-breach-crimson-collective-report,1
87761caa-336c-43b3-b3d8-9f7f1e41c5c4,4f06e103-495c-42d8-ba8e-f64448cc3049,Red Hat GitHub Attack: Supply Chain Breach via Compromised Consulting Repos,red-hat-github-attack-supply-chain-integrity-2026,1
99999999-9999-9999-9999-999999999999,a2222222-2222-2222-2222-222222222222,The 2026 Sovereign AI Map: Why Nations are Building Their Own Data Centers,the-2026-sovereign-ai-map-national-data-centers,1
99999999-9999-9999-9999-999999999999,77777777-7777-7777-7777-777777777777,Quantum Motion Silicon: The Breakthrough Scaling Quantum to Millions of Qubits,quantum-motion-silicon-breakthrough-2026,1
99999999-9999-9999-9999-999999999999,f5555555-5555-5555-5555-555555555555,"Samsung Galaxy S26 AI Privacy: The End of ""Shoulder Surfing""",samsung-galaxy-s26-ai-privacy-screen-feature-explained,1
99999999-9999-9999-9999-999999999999,b1111111-1111-1111-1111-111111111111,NVIDIA Rubin AI Architecture: The 100-Petaflop Superchip,nvidia-rubin-ai-architecture-specs-release-date,1
a2222222-2222-2222-2222-222222222222,99999999-9999-9999-9999-999999999999,DeepSeek R1 Model: The Open-Source Reasoning King Disrupting the AI Elite,deepseek-r1-performance-benchmarks-vs-openai-o1,1
a2222222-2222-2222-2222-222222222222,b1111111-1111-1111-1111-111111111111,NVIDIA Rubin AI Architecture: The 100-Petaflop Superchip,nvidia-rubin-ai-architecture-specs-release-date,1
a2222222-2222-2222-2222-222222222222,77777777-7777-7777-7777-777777777777,Quantum Motion Silicon: The Breakthrough Scaling Quantum to Millions of Qubits,quantum-motion-silicon-breakthrough-2026,1
a2222222-2222-2222-2222-222222222222,f5555555-5555-5555-5555-555555555555,"Samsung Galaxy S26 AI Privacy: The End of ""Shoulder Surfing""",samsung-galaxy-s26-ai-privacy-screen-feature-explained,1
a67164c5-18aa-4c3c-bfef-1724cb3da4cc,aff9ceb8-3a85-4470-b29f-b59244324c1e,Top Cybersecurity Challenges 2026: Ransomware 5.0 and the Agentic Attack Surface,top-cybersecurity-challenges-2026-industry-analysis,2
a67164c5-18aa-4c3c-bfef-1724cb3da4cc,17dde129-92b7-46a2-935e-5890a39239be,WEF Global Cybersecurity Outlook 2026: The AI Arms Race and Geopolitical Fragmentation,global-cybersecurity-outlook-2026-wef-report,1
a67164c5-18aa-4c3c-bfef-1724cb3da4cc,abbe4bcb-4614-4e99-96db-3e6fd2e2853e,Deepfakes-as-a-Service: The Democratization of AI Identity Theft in 2026,emerging-ai-threats-2026-deepfakes-daas-report,2
a67164c5-18aa-4c3c-bfef-1724cb3da4cc,c3d4e5f6-b7c8-4a9b-0d1e-2f3a4b5c6d7e,AI Cyber Threats 2026,ai-cyber-threats-2026-report,2
a67164c5-18aa-4c3c-bfef-1724cb3da4cc,773f8c90-105c-4fe5-8b3c-ac15081c02a4,Deepfakes-as-a-Service: The 2026 Democratization of Cybercrime,emerging-ai-threats-2026-deepfakes-as-a-service,1
a67164c5-18aa-4c3c-bfef-1724cb3da4cc,e5f6a7b8-c9d0-4e1f-a2b3-c4d5e6f7a8b9,Autonomous AI Agents,autonomous-ai-agents-cybersecurity-2026,1
abbe4bcb-4614-4e99-96db-3e6fd2e2853e,e5f6a7b8-c9d0-4e1f-a2b3-c4d5e6f7a8b9,Autonomous AI Agents,autonomous-ai-agents-cybersecurity-2026,1
abbe4bcb-4614-4e99-96db-3e6fd2e2853e,17dde129-92b7-46a2-935e-5890a39239be,WEF Global Cybersecurity Outlook 2026: The AI Arms Race and Geopolitical Fragmentation,global-cybersecurity-outlook-2026-wef-report,1
abbe4bcb-4614-4e99-96db-3e6fd2e2853e,a67164c5-18aa-4c3c-bfef-1724cb3da4cc,WEF Global Cybersecurity Outlook 2026: AI and Geopolitics Converge,wef-global-cybersecurity-outlook-2026-summary,2
abbe4bcb-4614-4e99-96db-3e6fd2e2853e,773f8c90-105c-4fe5-8b3c-ac15081c02a4,Deepfakes-as-a-Service: The 2026 Democratization of Cybercrime,emerging-ai-threats-2026-deepfakes-as-a-service,1
abbe4bcb-4614-4e99-96db-3e6fd2e2853e,c3d4e5f6-b7c8-4a9b-0d1e-2f3a4b5c6d7e,AI Cyber Threats 2026,ai-cyber-threats-2026-report,2
abbe4bcb-4614-4e99-96db-3e6fd2e2853e,aff9ceb8-3a85-4470-b29f-b59244324c1e,Top Cybersecurity Challenges 2026: Ransomware 5.0 and the Agentic Attack Surface,top-cybersecurity-challenges-2026-industry-analysis,2
aff9ceb8-3a85-4470-b29f-b59244324c1e,e5f6a7b8-c9d0-4e1f-a2b3-c4d5e6f7a8b9,Autonomous AI Agents,autonomous-ai-agents-cybersecurity-2026,1
aff9ceb8-3a85-4470-b29f-b59244324c1e,a67164c5-18aa-4c3c-bfef-1724cb3da4cc,WEF Global Cybersecurity Outlook 2026: AI and Geopolitics Converge,wef-global-cybersecurity-outlook-2026-summary,2
aff9ceb8-3a85-4470-b29f-b59244324c1e,c3d4e5f6-b7c8-4a9b-0d1e-2f3a4b5c6d7e,AI Cyber Threats 2026,ai-cyber-threats-2026-report,2
aff9ceb8-3a85-4470-b29f-b59244324c1e,abbe4bcb-4614-4e99-96db-3e6fd2e2853e,Deepfakes-as-a-Service: The Democratization of AI Identity Theft in 2026,emerging-ai-threats-2026-deepfakes-daas-report,2
aff9ceb8-3a85-4470-b29f-b59244324c1e,17dde129-92b7-46a2-935e-5890a39239be,WEF Global Cybersecurity Outlook 2026: The AI Arms Race and Geopolitical Fragmentation,global-cybersecurity-outlook-2026-wef-report,1
aff9ceb8-3a85-4470-b29f-b59244324c1e,773f8c90-105c-4fe5-8b3c-ac15081c02a4,Deepfakes-as-a-Service: The 2026 Democratization of Cybercrime,emerging-ai-threats-2026-deepfakes-as-a-service,1
b1111111-1111-1111-1111-111111111111,a2222222-2222-2222-2222-222222222222,The 2026 Sovereign AI Map: Why Nations are Building Their Own Data Centers,the-2026-sovereign-ai-map-national-data-centers,1
b1111111-1111-1111-1111-111111111111,f5555555-5555-5555-5555-555555555555,"Samsung Galaxy S26 AI Privacy: The End of ""Shoulder Surfing""",samsung-galaxy-s26-ai-privacy-screen-feature-explained,1
b1111111-1111-1111-1111-111111111111,99999999-9999-9999-9999-999999999999,DeepSeek R1 Model: The Open-Source Reasoning King Disrupting the AI Elite,deepseek-r1-performance-benchmarks-vs-openai-o1,1
b1111111-1111-1111-1111-111111111111,e4444444-4444-4444-4444-444444444444,NVIDIA vs. AMD: The 2026 Head-to-Head AI Infrastructure War,nvidia-rubin-vs-amd-helios-comparison-2026,1
b1111111-1111-1111-1111-111111111111,77777777-7777-7777-7777-777777777777,Quantum Motion Silicon: The Breakthrough Scaling Quantum to Millions of Qubits,quantum-motion-silicon-breakthrough-2026,1
c3d4e5f6-b7c8-4a9b-0d1e-2f3a4b5c6d7e,773f8c90-105c-4fe5-8b3c-ac15081c02a4,Deepfakes-as-a-Service: The 2026 Democratization of Cybercrime,emerging-ai-threats-2026-deepfakes-as-a-service,1
c3d4e5f6-b7c8-4a9b-0d1e-2f3a4b5c6d7e,17dde129-92b7-46a2-935e-5890a39239be,WEF Global Cybersecurity Outlook 2026: The AI Arms Race and Geopolitical Fragmentation,global-cybersecurity-outlook-2026-wef-report,1
c3d4e5f6-b7c8-4a9b-0d1e-2f3a4b5c6d7e,e5f6a7b8-c9d0-4e1f-a2b3-c4d5e6f7a8b9,Autonomous AI Agents,autonomous-ai-agents-cybersecurity-2026,1
c3d4e5f6-b7c8-4a9b-0d1e-2f3a4b5c6d7e,abbe4bcb-4614-4e99-96db-3e6fd2e2853e,Deepfakes-as-a-Service: The Democratization of AI Identity Theft in 2026,emerging-ai-threats-2026-deepfakes-daas-report,2
c3d4e5f6-b7c8-4a9b-0d1e-2f3a4b5c6d7e,a67164c5-18aa-4c3c-bfef-1724cb3da4cc,WEF Global Cybersecurity Outlook 2026: AI and Geopolitics Converge,wef-global-cybersecurity-outlook-2026-summary,2
c3d4e5f6-b7c8-4a9b-0d1e-2f3a4b5c6d7e,aff9ceb8-3a85-4470-b29f-b59244324c1e,Top Cybersecurity Challenges 2026: Ransomware 5.0 and the Agentic Attack Surface,top-cybersecurity-challenges-2026-industry-analysis,2
e4444444-4444-4444-4444-444444444444,b1111111-1111-1111-1111-111111111111,NVIDIA Rubin AI Architecture: The 100-Petaflop Superchip,nvidia-rubin-ai-architecture-specs-release-date,1
e5f6a7b8-c9d0-4e1f-a2b3-c4d5e6f7a8b9,aff9ceb8-3a85-4470-b29f-b59244324c1e,Top Cybersecurity Challenges 2026: Ransomware 5.0 and the Agentic Attack Surface,top-cybersecurity-challenges-2026-industry-analysis,1
e5f6a7b8-c9d0-4e1f-a2b3-c4d5e6f7a8b9,c3d4e5f6-b7c8-4a9b-0d1e-2f3a4b5c6d7e,AI Cyber Threats 2026,ai-cyber-threats-2026-report,1
e5f6a7b8-c9d0-4e1f-a2b3-c4d5e6f7a8b9,abbe4bcb-4614-4e99-96db-3e6fd2e2853e,Deepfakes-as-a-Service: The Democratization of AI Identity Theft in 2026,emerging-ai-threats-2026-deepfakes-daas-report,1
e5f6a7b8-c9d0-4e1f-a2b3-c4d5e6f7a8b9,a67164c5-18aa-4c3c-bfef-1724cb3da4cc,WEF Global Cybersecurity Outlook 2026: AI and Geopolitics Converge,wef-global-cybersecurity-outlook-2026-summary,1
f5555555-5555-5555-5555-555555555555,99999999-9999-9999-9999-999999999999,DeepSeek R1 Model: The Open-Source Reasoning King Disrupting the AI Elite,deepseek-r1-performance-benchmarks-vs-openai-o1,1
f5555555-5555-5555-5555-555555555555,a2222222-2222-2222-2222-222222222222,The 2026 Sovereign AI Map: Why Nations are Building Their Own Data Centers,the-2026-sovereign-ai-map-national-data-centers,1
f5555555-5555-5555-5555-555555555555,77777777-7777-7777-7777-777777777777,Quantum Motion Silicon: The Breakthrough Scaling Quantum to Millions of Qubits,quantum-motion-silicon-breakthrough-2026,1
f5555555-5555-5555-5555-555555555555,b1111111-1111-1111-1111-111111111111,NVIDIA Rubin AI Architecture: The 100-Petaflop Superchip,nvidia-rubin-ai-architecture-specs-release-date,1